detection_id,baseline_alerts,baseline_ground_truth_tp,baseline_confirmed_tp,replay_tp_mean_over_seeds
D001,1211,12,10,6.0
D002,1507,7,7,7.1
D003,903,5,5,5.4
D004,787,8,7,6.6
D005,658,8,8,6.0
D006,1105,7,7,6.8
D007,24,17,16,8.25
D008,10,9,7,3.35
D009,7,6,5,6.0
D010,13,10,9,7.0
D011,24,14,13,6.0
D012,4,3,3,4.25
D013,27,5,5,3.0
D014,5,4,4,2.2
D016,83,5,4,3.9
D017,141,5,5,4.1
D018,103,2,2,3.1
D019,65,5,4,6.0
D020,45,5,5,7.95
D021,38,5,5,15.05
D022,118,8,7,6.0
D023,97,8,6,8.25
D024,47,1,1,3.0
D025,293,5,4,6.0
D026,23,4,3,3.35
D027,38,5,5,3.25
D028,31,5,5,2.15
D029,18,3,3,2.4
D030,20,3,2,6.0
D031,14,0,0,48.0
